episode,step,r,c,k,e,action,reward,nr,nc,nk,ne,done,q_before,max_next_q,td_target,td_error,q_after,alpha,gamma,epsilon
0,0,0,0,0,50,LEFT,-4.88,0,0,0,49,0,0.0,0.0,-4.88,-4.88,-0.976,0.2,0.99,1.0
0,1,0,0,0,49,DOWN,-1.87,1,0,0,48,0,0.0,0.0,-1.87,-1.87,-0.374,0.2,0.99,1.0
0,2,1,0,0,48,UP,0.12,0,0,0,47,0,0.0,0.0,0.12,0.12,0.024,0.2,0.99,1.0
0,3,0,0,0,47,RIGHT,0.11,0,1,0,46,0,0.0,0.0,0.11,0.11,0.022,0.2,0.99,1.0
0,4,0,1,0,46,UP,-4.89,0,1,0,45,0,0.0,0.0,-4.89,-4.89,-0.978,0.2,0.99,1.0
0,5,0,1,0,45,UP,-4.89,0,1,0,44,0,0.0,0.0,-4.89,-4.89,-0.978,0.2,0.99,1.0
0,6,0,1,0,44,DOWN,-1.88,1,1,0,43,0,0.0,0.0,-1.88,-1.88,-0.376,0.2,0.99,1.0
0,7,1,1,0,43,RIGHT,0.11,2,1,0,42,0,0.0,0.0,0.11,0.11,0.022,0.2,0.99,1.0
0,8,2,1,0,42,RIGHT,0.1,2,2,0,41,0,0.0,0.0,0.1,0.1,0.02,0.2,0.99,1.0
0,9,2,2,0,41,DOWN,-1.89,3,2,0,40,0,0.0,0.0,-1.89,-1.89,-0.378,0.2,0.99,1.0
0,10,3,2,0,40,DOWN,-1.88,4,2,0,39,0,0.0,0.0,-1.88,-1.88,-0.376,0.2,0.99,1.0
0,11,4,2,0,39,UP,0.11,3,2,0,38,0,0.0,0.0,0.11,0.11,0.022,0.2,0.99,1.0
0,12,3,2,0,38,RIGHT,-1.88,4,2,0,37,0,0.0,0.0,-1.88,-1.88,-0.376,0.2,0.99,1.0
0,13,4,2,0,37,UP,0.11,3,2,0,36,0,0.0,0.0,0.11,0.11,0.022,0.2,0.99,1.0
0,14,3,2,0,36,DOWN,-1.88,4,2,0,35,0,0.0,0.0,-1.88,-1.88,-0.376,0.2,0.99,1.0
0,15,4,2,0,35,RIGHT,0.11,4,3,0,34,0,0.0,0.0,0.11,0.11,0.022,0.2,0.99,1.0
0,16,4,3,0,34,LEFT,-1.88,4,2,0,33,0,0.0,0.0,-1.88,-1.88,-0.376,0.2,0.99,1.0
0,17,4,2,0,33,RIGHT,0.11,4,3,0,32,0,0.0,0.0,0.11,0.11,0.022,0.2,0.99,1.0
0,18,4,3,0,32,UP,0.1,4,4,0,31,0,0.0,0.0,0.1,0.1,0.02,0.2,0.99,1.0
0,19,4,4,0,31,UP,-4.9,4,4,0,30,0,0.0,0.0,-4.9,-4.9,-0.98,0.2,0.99,1.0
0,20,4,4,0,30,UP,-4.9,4,4,0,29,0,0.0,0.0,-4.9,-4.9,-0.98,0.2,0.99,1.0
0,21,4,4,0,29,RIGHT,-1.89,5,4,0,28,0,0.0,0.0,-1.89,-1.89,-0.378,0.2,0.99,1.0
0,22,5,4,0,28,DOWN,-1.88,6,4,0,27,0,0.0,0.0,-1.88,-1.88,-0.376,0.2,0.99,1.0
0,23,6,4,0,27,UP,0.11,5,4,0,26,0,0.0,0.0,0.11,0.11,0.022,0.2,0.99,1.0
0,24,5,4,0,26,UP,0.1,4,4,0,25,0,0.0,0.0,0.1,0.1,0.02,0.2,0.99,1.0
0,25,4,4,0,25,DOWN,0.09,4,5,0,24,0,0.0,0.0,0.09,0.09,0.018,0.2,0.99,1.0
0,26,4,5,0,24,DOWN,-1.9,4,4,0,23,0,0.0,0.0,-1.9,-1.9,-0.38,0.2,0.99,1.0
0,27,4,4,0,23,UP,-4.9,4,4,0,22,0,0.0,0.0,-4.9,-4.9,-0.98,0.2,0.99,1.0
0,28,4,4,0,22,UP,-4.9,4,4,0,21,0,0.0,0.0,-4.9,-4.9,-0.98,0.2,0.99,1.0
0,29,4,4,0,21,RIGHT,0.09,4,5,0,20,0,0.0,0.0,0.09,0.09,0.018,0.2,0.99,1.0
0,30,4,5,0,20,DOWN,-1.9,5,5,0,19,0,0.0,0.0,-1.9,-1.9,-0.38,0.2,0.99,1.0
0,31,5,5,0,19,RIGHT,0.09,5,6,0,18,0,0.0,0.0,0.09,0.09,0.018,0.2,0.99,1.0
0,32,5,6,0,18,UP,0.08,4,6,0,17,0,0.0,0.0,0.08,0.08,0.016,0.2,0.99,1.0
0,33,4,6,0,17,DOWN,-1.91,5,6,0,16,0,0.0,0.0,-1.91,-1.91,-0.382,0.2,0.99,1.0
0,34,5,6,0,16,UP,-1.9,5,5,0,15,0,0.0,0.0,-1.9,-1.9,-0.38,0.2,0.99,1.0
0,35,5,5,0,15,DOWN,-1.89,6,5,0,14,0,0.0,0.0,-1.89,-1.89,-0.378,0.2,0.99,1.0
0,36,6,5,0,14,UP,0.1,5,5,0,13,0,0.0,0.0,0.1,0.1,0.02,0.2,0.99,1.0
0,37,5,5,0,13,RIGHT,0.09,5,6,0,12,0,0.0,0.0,0.09,0.09,0.018,0.2,0.99,1.0
0,38,5,6,0,12,DOWN,-1.9,6,6,0,11,0,0.0,0.0,-1.9,-1.9,-0.38,0.2,0.99,1.0
0,39,6,6,0,11,UP,0.09,5,6,0,10,0,0.0,0.0,0.09,0.09,0.018,0.2,0.99,1.0
0,40,5,6,0,10,UP,0.08,4,6,0,9,0,0.0,0.0,0.08,0.08,0.016,0.2,0.99,1.0
0,41,4,6,0,9,UP,0.07,3,6,0,8,0,0.0,0.0,0.07,0.07,0.014,0.2,0.99,1.0
0,42,3,6,0,8,LEFT,-1.92,3,5,0,7,0,0.0,0.0,-1.92,-1.92,-0.384,0.2,0.99,1.0
0,43,3,5,0,7,RIGHT,0.07,3,6,0,6,0,0.0,0.0,0.07,0.07,0.014,0.2,0.99,1.0
0,44,3,6,0,6,UP,0.06,2,6,0,5,0,0.0,0.0,0.06,0.06,0.012,0.2,0.99,1.0
0,45,2,6,0,5,LEFT,0.05,1,6,0,4,0,0.0,0.0,0.05,0.05,0.01,0.2,0.99,1.0
0,46,1,6,0,4,UP,0.04,1,7,0,3,0,0.0,0.0,0.04,0.04,0.008,0.2,0.99,1.0
0,47,1,7,0,3,RIGHT,0.03,1,8,0,2,0,0.0,0.0,0.03,0.03,0.006,0.2,0.99,1.0
0,48,1,8,0,2,UP,0.02,0,8,0,1,0,0.0,0.0,0.02,0.02,0.004,0.2,0.99,1.0
0,49,0,8,0,1,LEFT,-19.0,0,7,0,0,1,0.0,0.0,-19.0,-19.0,-3.8,0.2,0.99,1.0
75000,0,0,0,0,50,DOWN,-1.87,1,0,0,49,0,6.778486,9.503321,7.538288,0.759802,6.930446,0.2,0.99,0.4062
75000,1,1,0,0,49,DOWN,0.12,2,0,0,48,0,8.355935,9.45717,9.482599,1.126664,8.581268,0.2,0.99,0.4062
75000,2,2,0,0,48,UP,-1.87,1,0,0,47,0,9.45717,11.331247,9.347935,-0.109236,9.435323,0.2,0.99,0.4062
75000,3,1,0,0,47,UP,0.12,0,0,0,46,0,11.052565,11.126037,11.134777,0.082212,11.069007,0.2,0.99,0.4062
75000,4,0,0,0,46,RIGHT,-4.88,0,0,0,45,0,11.126037,12.589025,7.583135,-3.542902,10.417457,0.2,0.99,0.4062
75000,5,0,0,0,45,RIGHT,-4.88,0,0,0,44,0,12.589025,13.043831,8.033393,-4.555633,11.677899,0.2,0.99,0.4062
75000,6,0,0,0,44,DOWN,-1.87,1,0,0,43,0,13.043831,15.244303,13.22186,0.178029,13.079437,0.2,0.99,0.4062
75000,7,1,0,0,43,RIGHT,0.12,1,1,0,42,0,15.244303,15.086553,15.055687,-0.188616,15.20658,0.2,0.99,0.4062
75000,8,1,1,0,42,DOWN,0.11,2,1,0,41,0,15.086553,15.896197,15.847235,0.760682,15.238689,0.2,0.99,0.4062
75000,9,2,1,0,41,RIGHT,0.1,2,2,0,40,0,15.896197,16.036503,15.976138,0.079941,15.912185,0.2,0.99,0.4062
75000,10,2,2,0,40,UP,-4.9,2,2,0,39,0,13.631302,17.736787,12.659419,-0.971883,13.436925,0.2,0.99,0.4062
75000,11,2,2,0,39,RIGHT,0.09,2,3,0,38,0,17.736787,18.090416,17.999512,0.262725,17.789332,0.2,0.99,0.4062
75000,12,2,3,0,38,UP,-4.91,2,3,0,37,0,18.090416,19.304697,14.20165,-3.888766,17.312663,0.2,0.99,0.4062
75000,13,2,3,0,37,UP,-1.9,2,2,0,36,0,19.304697,20.926135,18.816874,-0.487823,19.207132,0.2,0.99,0.4062
75000,14,2,2,0,36,RIGHT,-1.89,3,2,0,35,0,20.926135,20.231869,18.13955,-2.786585,20.368818,0.2,0.99,0.4062
75000,15,3,2,0,35,UP,0.1,3,3,0,34,0,19.733076,20.962225,20.852603,1.119527,19.956981,0.2,0.99,0.4062
75000,16,3,3,0,34,UP,0.09,2,3,0,33,0,20.962225,22.364564,22.230918,1.268693,21.215964,0.2,0.99,0.4062
75000,17,2,3,0,33,UP,0.08,1,3,0,32,0,22.364564,22.764151,22.616509,0.251945,22.414953,0.2,0.99,0.4062
75000,18,1,3,0,32,RIGHT,0.07,1,4,0,31,0,22.764151,24.955647,24.776091,2.01194,23.166539,0.2,0.99,0.4062
75000,19,1,4,0,31,RIGHT,0.06,1,5,0,30,0,24.955647,26.037884,25.837505,0.881858,25.132019,0.2,0.99,0.4062
75000,20,1,5,0,30,RIGHT,0.05,0,5,0,29,0,26.037884,26.257848,26.04527,0.007386,26.039361,0.2,0.99,0.4062
75000,21,0,5,0,29,RIGHT,-4.95,0,5,0,28,0,26.257848,24.155962,18.964402,-7.293446,24.799159,0.2,0.99,0.4062
75000,22,0,5,0,28,RIGHT,0.04,0,6,0,27,0,24.155962,26.003119,25.783088,1.627126,24.481387,0.2,0.99,0.4062
75000,23,0,6,0,27,RIGHT,0.03,0,7,0,26,0,26.003119,27.622015,27.375795,1.372676,26.277654,0.2,0.99,0.4062
75000,24,0,7,0,26,DOWN,-1.96,1,7,0,25,0,25.799689,26.84865,24.620164,-1.179526,25.563784,0.2,0.99,0.4062
75000,25,1,7,0,25,RIGHT,0.03,1,8,0,24,0,26.84865,27.543851,27.298413,0.449763,26.938603,0.2,0.99,0.4062
75000,26,1,8,0,24,RIGHT,0.02,1,9,0,23,0,27.543851,27.578488,27.322703,-0.221148,27.499622,0.2,0.99,0.4062
75000,27,1,9,0,23,RIGHT,0.01,1,10,0,22,0,27.223008,26.070651,25.819945,-1.403063,26.942395,0.2,0.99,0.4062
75000,28,1,10,0,22,LEFT,-1.98,1,9,0,21,0,20.360804,27.17967,24.927874,4.56707,21.274218,0.2,0.99,0.4062
75000,29,1,9,0,21,UP,0.01,0,9,0,20,0,27.17967,28.929616,28.650319,1.470649,27.4738,0.2,0.99,0.4062
75000,30,0,9,0,20,RIGHT,32.18,0,10,1,19,0,28.929616,-2.736483,29.470882,0.541266,29.037869,0.2,0.99,0.4062
75000,31,0,10,1,19,DOWN,0.17,1,10,1,18,0,-2.736483,-2.738059,-2.540679,0.195804,-2.697322,0.2,0.99,0.4062
75000,32,1,10,1,18,DOWN,0.16,2,10,1,17,0,-2.738059,-3.416729,-3.222562,-0.484503,-2.83496,0.2,0.99,0.4062
75000,33,2,10,1,17,DOWN,0.15,3,10,1,16,0,-3.416729,-2.643597,-2.467161,0.949568,-3.226816,0.2,0.99,0.4062
75000,34,3,10,1,16,DOWN,-4.85,3,10,1,15,0,-2.643597,-2.077882,-6.907103,-4.263506,-3.496299,0.2,0.99,0.4062
75000,35,3,10,1,15,RIGHT,-4.85,3,10,1,14,0,-7.276003,-4.093775,-8.902837,-1.626834,-7.60137,0.2,0.99,0.4062
75000,36,3,10,1,14,DOWN,0.14,4,10,1,13,0,-4.093775,-2.047059,-1.886588,2.207186,-3.652337,0.2,0.99,0.4062
75000,37,4,10,1,13,LEFT,-4.86,4,10,1,12,0,-6.174204,-3.182289,-8.010466,-1.836262,-6.541456,0.2,0.99,0.4062
75000,38,4,10,1,12,DOWN,0.13,5,10,1,11,0,-3.182289,-2.613186,-2.457054,0.725235,-3.037242,0.2,0.99,0.4062
75000,39,5,10,1,11,UP,-1.86,4,10,1,10,0,-4.783385,-5.394334,-7.20039,-2.417005,-5.266786,0.2,0.99,0.4062
75000,40,4,10,1,10,DOWN,0.13,5,10,1,9,0,-5.394334,-5.136032,-4.954671,0.439662,-5.306401,0.2,0.99,0.4062
75000,41,5,10,1,9,LEFT,-1.86,5,9,1,8,0,-5.136032,-2.33627,-4.172907,0.963125,-4.943407,0.2,0.99,0.4062
75000,42,5,9,1,8,LEFT,-1.85,5,8,1,7,0,-2.33627,-0.492921,-2.337992,-0.001722,-2.336614,0.2,0.99,0.4062
75000,43,5,8,1,7,DOWN,0.14,6,8,1,6,0,-0.492921,-0.895107,-0.746156,-0.253235,-0.543568,0.2,0.99,0.4062
75000,44,6,8,1,6,DOWN,0.13,7,8,1,5,0,-0.895107,-1.139734,-0.998337,-0.10323,-0.915753,0.2,0.99,0.4062
75000,45,7,8,1,5,DOWN,-1.86,7,7,1,4,0,-1.139734,0.026,-1.83426,-0.694526,-1.278639,0.2,0.99,0.4062
75000,46,7,7,1,4,DOWN,0.13,8,7,1,3,0,0.026,-0.366852,-0.233183,-0.259183,-0.025837,0.2,0.99,0.4062
75000,47,8,7,1,3,LEFT,-1.86,8,6,1,2,0,-0.366852,0.0,-1.86,-1.493148,-0.665482,0.2,0.99,0.4062
75000,48,8,6,1,2,DOWN,0.13,9,6,1,1,0,0.0,0.0,0.13,0.13,0.026,0.2,0.99,0.4062
75000,49,9,6,1,1,DOWN,-8.0,10,6,1,0,1,-1.6,0.0,-8.0,-6.4,-2.88,0.2,0.99,0.4062
149999,0,0,0,0,50,DOWN,-1.87,1,0,0,49,0,32.01737,34.185523,31.973668,-0.043702,32.00863,0.2,0.99,0.05
149999,1,1,0,0,49,LEFT,-4.87,1,0,0,48,0,29.382264,34.770739,29.553032,0.170767,29.416418,0.2,0.99,0.05
149999,2,1,0,0,48,RIGHT,0.12,1,1,0,47,0,34.770739,34.956989,34.727419,-0.04332,34.762075,0.2,0.99,0.05
149999,3,1,1,0,47,LEFT,-1.87,1,0,0,46,0,34.956989,37.055587,34.815031,-0.141958,34.928597,0.2,0.99,0.05
149999,4,1,0,0,46,RIGHT,0.12,1,1,0,45,0,37.055587,36.879912,36.631113,-0.424474,36.970692,0.2,0.99,0.05
149999,5,1,1,0,45,DOWN,0.11,2,1,0,44,0,36.879912,38.835894,38.557535,1.677623,37.215437,0.2,0.99,0.05
149999,6,2,1,0,44,DOWN,-1.88,3,1,0,43,0,38.835894,41.569849,39.27415,0.438257,38.923545,0.2,0.99,0.05
149999,7,3,1,0,43,RIGHT,0.11,3,2,0,42,0,41.569849,41.905828,41.59677,0.026921,41.575233,0.2,0.99,0.05
149999,8,3,2,0,42,UP,0.1,2,2,0,41,0,41.905828,42.030789,41.710481,-0.195348,41.866759,0.2,0.99,0.05
149999,9,2,2,0,41,RIGHT,0.09,2,3,0,40,0,42.030789,43.539869,43.194471,1.163682,42.263525,0.2,0.99,0.05
149999,10,2,3,0,40,UP,0.08,1,3,0,39,0,43.539869,44.29734,43.934367,0.394497,43.618769,0.2,0.99,0.05
149999,11,1,3,0,39,RIGHT,0.07,1,4,0,38,0,44.29734,45.722153,45.334932,1.037592,44.504858,0.2,0.99,0.05
149999,12,1,4,0,38,RIGHT,0.06,1,5,0,37,0,45.722153,47.438493,47.024109,1.301955,45.982544,0.2,0.99,0.05
149999,13,1,5,0,37,LEFT,0.05,0,5,0,36,0,47.438493,48.65573,48.219173,0.780679,47.594629,0.2,0.99,0.05
149999,14,0,5,0,36,DOWN,-4.95,0,5,0,35,0,48.65573,49.942676,44.49325,-4.162481,47.823234,0.2,0.99,0.05
149999,15,0,5,0,35,UP,0.04,0,6,0,34,0,46.381631,51.018187,50.548005,4.166375,47.214906,0.2,0.99,0.05
149999,16,0,6,0,34,LEFT,-1.95,0,5,0,33,0,51.018187,51.608806,49.142718,-1.875469,50.643093,0.2,0.99,0.05
149999,17,0,5,0,33,RIGHT,-1.94,1,5,0,32,0,51.608806,46.793314,44.385381,-7.223425,50.164121,0.2,0.99,0.05
149999,18,1,5,0,32,RIGHT,0.05,0,5,0,31,0,46.793314,47.529139,47.103848,0.310534,46.855421,0.2,0.99,0.05
149999,19,0,5,0,31,RIGHT,0.04,0,6,0,30,0,47.529139,47.991445,47.55153,0.022391,47.533618,0.2,0.99,0.05
149999,20,0,6,0,30,RIGHT,0.03,0,7,0,29,0,47.991445,49.609014,49.142924,1.15148,48.221741,0.2,0.99,0.05
149999,21,0,7,0,29,RIGHT,0.02,0,8,0,28,0,49.609014,53.734663,53.217317,3.608302,50.330675,0.2,0.99,0.05
149999,22,0,8,0,28,RIGHT,0.01,0,9,0,27,0,53.734663,57.238281,56.675899,2.941235,54.32291,0.2,0.99,0.05
149999,23,0,9,0,27,RIGHT,32.18,0,10,1,26,0,57.238281,26.991292,58.901379,1.663098,57.570901,0.2,0.99,0.05
149999,24,0,10,1,26,RIGHT,0.17,0,11,1,25,0,26.991292,28.636968,28.520598,1.529306,27.297153,0.2,0.99,0.05
149999,25,0,11,1,25,DOWN,0.16,1,11,1,24,0,28.636968,31.548007,31.392527,2.755559,29.18808,0.2,0.99,0.05
149999,26,1,11,1,24,DOWN,0.15,2,11,1,23,0,31.548007,34.450558,34.256052,2.708045,32.089616,0.2,0.99,0.05
149999,27,2,11,1,23,RIGHT,0.14,2,12,1,22,0,34.450558,35.205602,34.993546,0.542988,34.559155,0.2,0.99,0.05
149999,28,2,12,1,22,DOWN,0.13,3,12,1,21,0,35.205602,36.692974,36.456045,1.250443,35.45569,0.2,0.99,0.05
149999,29,3,12,1,21,RIGHT,0.12,3,13,1,20,0,36.692974,36.532012,36.286692,-0.406282,36.611718,0.2,0.99,0.05
149999,30,3,13,1,20,DOWN,-1.87,3,14,1,19,0,36.532012,37.52285,35.277621,-1.254391,36.281134,0.2,0.99,0.05
149999,31,3,14,1,19,LEFT,-1.86,2,14,1,18,0,37.52285,20.822717,18.75449,-18.76836,33.769178,0.2,0.99,0.05
149999,32,2,14,1,18,DOWN,0.13,3,14,1,17,0,20.822717,21.946287,21.856824,1.034107,21.029539,0.2,0.99,0.05
149999,33,3,14,1,17,DOWN,0.12,4,14,1,16,0,21.946287,33.269731,33.057034,11.110747,24.168436,0.2,0.99,0.05
149999,34,4,14,1,16,DOWN,0.11,5,14,1,15,0,33.269731,28.480124,28.305322,-4.964408,32.276849,0.2,0.99,0.05
149999,35,5,14,1,15,DOWN,0.1,6,14,1,14,0,28.480124,37.016563,36.746398,8.266274,30.133378,0.2,0.99,0.05
149999,36,6,14,1,14,LEFT,0.09,6,13,1,13,0,37.016563,31.946071,31.716611,-5.299953,35.956573,0.2,0.99,0.05
149999,37,6,13,1,13,DOWN,0.08,7,13,1,12,0,31.946071,41.071083,40.740372,8.794301,33.704931,0.2,0.99,0.05
149999,38,7,13,1,12,DOWN,0.07,8,13,1,11,0,41.071083,42.774818,42.41707,1.345987,41.34028,0.2,0.99,0.05
149999,39,8,13,1,11,DOWN,0.06,9,13,1,10,0,42.774818,49.609945,49.173845,6.399028,44.054623,0.2,0.99,0.05
149999,40,9,13,1,10,DOWN,0.05,10,13,1,9,0,42.042365,80.063892,79.313253,37.270888,49.496542,0.2,0.99,0.05
149999,41,10,13,1,9,DOWN,0.04,11,13,1,8,0,80.063892,80.34323,79.579797,-0.484095,79.967073,0.2,0.99,0.05
149999,42,11,13,1,8,DOWN,-1.95,11,12,1,7,0,80.34323,62.619919,60.043719,-20.29951,76.283328,0.2,0.99,0.05
149999,43,11,12,1,7,RIGHT,0.04,11,13,1,6,0,62.619919,72.831764,72.143446,9.523528,64.524624,0.2,0.99,0.05
149999,44,11,13,1,6,DOWN,0.03,12,13,1,5,0,72.831764,68.998829,68.338841,-4.492923,71.933179,0.2,0.99,0.05
149999,45,12,13,1,5,RIGHT,0.02,12,14,1,4,0,68.998829,55.442649,54.908223,-14.090606,66.180708,0.2,0.99,0.05
149999,46,12,14,1,4,UP,-4.98,12,14,1,3,0,55.442649,39.048008,33.677528,-21.765121,51.089625,0.2,0.99,0.05
149999,47,12,14,1,3,UP,-4.98,12,14,1,2,0,39.048008,36.595454,31.249499,-7.798509,37.488306,0.2,0.99,0.05
149999,48,12,14,1,2,DOWN,0.01,13,14,1,1,0,36.595454,85.870978,85.022268,48.426814,46.280817,0.2,0.99,0.05
149999,49,13,14,1,1,DOWN,-24.0,13,14,1,0,1,85.870978,0.0,-24.0,-109.870978,63.896782,0.2,0.99,0.05
