episode,step,row,col,key,energy,intended_action,effective_action,next_row,next_col,next_key,next_energy,reward,event,done
0,0,0,0,0,50,LEFT,LEFT,0,0,0,49,-5.0,WALL_HIT,0
0,1,0,0,0,49,DOWN,DOWN,1,0,0,48,-1.0,MOVE,0
0,2,1,0,0,48,UP,UP,0,0,0,47,-1.0,MOVE,0
0,3,0,0,0,47,RIGHT,RIGHT,0,1,0,46,-1.0,MOVE,0
0,4,0,1,0,46,UP,UP,0,1,0,45,-5.0,WALL_HIT,0
0,5,0,1,0,45,UP,UP,0,1,0,44,-5.0,WALL_HIT,0
0,6,0,1,0,44,DOWN,DOWN,1,1,0,43,-1.0,MOVE,0
0,7,1,1,0,43,RIGHT,DOWN,2,1,0,42,-1.0,MOVE,0
0,8,2,1,0,42,RIGHT,RIGHT,2,2,0,41,-1.0,MOVE,0
0,9,2,2,0,41,DOWN,DOWN,3,2,0,40,-1.0,MOVE,0
0,10,3,2,0,40,DOWN,DOWN,4,2,0,39,-1.0,MOVE,0
0,11,4,2,0,39,UP,UP,3,2,0,38,-1.0,MOVE,0
0,12,3,2,0,38,RIGHT,DOWN,4,2,0,37,-1.0,MOVE,0
0,13,4,2,0,37,UP,UP,3,2,0,36,-1.0,MOVE,0
0,14,3,2,0,36,DOWN,DOWN,4,2,0,35,-1.0,MOVE,0
0,15,4,2,0,35,RIGHT,RIGHT,4,3,0,34,-1.0,MOVE,0
0,16,4,3,0,34,LEFT,LEFT,4,2,0,33,-1.0,MOVE,0
0,17,4,2,0,33,RIGHT,RIGHT,4,3,0,32,-1.0,MOVE,0
0,18,4,3,0,32,UP,RIGHT,4,4,0,31,-1.0,MOVE,0
0,19,4,4,0,31,UP,UP,4,4,0,30,-5.0,WALL_HIT,0
0,20,4,4,0,30,UP,UP,4,4,0,29,-5.0,WALL_HIT,0
0,21,4,4,0,29,RIGHT,DOWN,5,4,0,28,-1.0,MOVE,0
0,22,5,4,0,28,DOWN,DOWN,6,4,0,27,-1.0,MOVE,0
0,23,6,4,0,27,UP,UP,5,4,0,26,-1.0,MOVE,0
0,24,5,4,0,26,UP,UP,4,4,0,25,-1.0,MOVE,0
0,25,4,4,0,25,DOWN,RIGHT,4,5,0,24,-1.0,MOVE,0
0,26,4,5,0,24,DOWN,LEFT,4,4,0,23,-1.0,MOVE,0
0,27,4,4,0,23,UP,UP,4,4,0,22,-5.0,WALL_HIT,0
0,28,4,4,0,22,UP,UP,4,4,0,21,-5.0,WALL_HIT,0
0,29,4,4,0,21,RIGHT,RIGHT,4,5,0,20,-1.0,MOVE,0
0,30,4,5,0,20,DOWN,DOWN,5,5,0,19,-1.0,MOVE,0
0,31,5,5,0,19,RIGHT,RIGHT,5,6,0,18,-1.0,MOVE,0
0,32,5,6,0,18,UP,UP,4,6,0,17,-1.0,MOVE,0
0,33,4,6,0,17,DOWN,DOWN,5,6,0,16,-1.0,MOVE,0
0,34,5,6,0,16,UP,LEFT,5,5,0,15,-1.0,MOVE,0
0,35,5,5,0,15,DOWN,DOWN,6,5,0,14,-1.0,MOVE,0
0,36,6,5,0,14,UP,UP,5,5,0,13,-1.0,MOVE,0
0,37,5,5,0,13,RIGHT,RIGHT,5,6,0,12,-1.0,MOVE,0
0,38,5,6,0,12,DOWN,DOWN,6,6,0,11,-1.0,MOVE,0
0,39,6,6,0,11,UP,UP,5,6,0,10,-1.0,MOVE,0
0,40,5,6,0,10,UP,UP,4,6,0,9,-1.0,MOVE,0
0,41,4,6,0,9,UP,UP,3,6,0,8,-1.0,MOVE,0
0,42,3,6,0,8,LEFT,LEFT,3,5,0,7,-1.0,MOVE,0
0,43,3,5,0,7,RIGHT,RIGHT,3,6,0,6,-1.0,MOVE,0
0,44,3,6,0,6,UP,UP,2,6,0,5,-1.0,MOVE,0
0,45,2,6,0,5,LEFT,UP,1,6,0,4,-1.0,MOVE,0
0,46,1,6,0,4,UP,RIGHT,1,7,0,3,-1.0,MOVE,0
0,47,1,7,0,3,RIGHT,RIGHT,1,8,0,2,-1.0,MOVE,0
0,48,1,8,0,2,UP,UP,0,8,0,1,-1.0,MOVE,0
0,49,0,8,0,1,LEFT,LEFT,0,7,0,0,-21.0,ENERGY_DEPLETED,1
1,0,0,0,0,50,UP,UP,0,0,0,49,-5.0,WALL_HIT,0
1,1,0,0,0,49,RIGHT,RIGHT,0,1,0,48,-1.0,MOVE,0
1,2,0,1,0,48,DOWN,DOWN,1,1,0,47,-1.0,MOVE,0
1,3,1,1,0,47,UP,UP,0,1,0,46,-1.0,MOVE,0
1,4,0,1,0,46,DOWN,DOWN,1,1,0,45,-1.0,MOVE,0
1,5,1,1,0,45,RIGHT,RIGHT,1,1,0,44,-5.0,WALL_HIT,0
1,6,1,1,0,44,LEFT,LEFT,1,0,0,43,-1.0,MOVE,0
1,7,1,0,0,43,LEFT,LEFT,1,0,0,42,-5.0,WALL_HIT,0
1,8,1,0,0,42,LEFT,DOWN,2,0,0,41,-1.0,MOVE,0
1,9,2,0,0,41,DOWN,DOWN,2,0,0,40,-5.0,WALL_HIT,0
1,10,2,0,0,40,DOWN,DOWN,2,0,0,39,-5.0,WALL_HIT,0
1,11,2,0,0,39,DOWN,DOWN,2,0,0,38,-5.0,WALL_HIT,0
1,12,2,0,0,38,UP,UP,1,0,0,37,-1.0,MOVE,0
1,13,1,0,0,37,RIGHT,DOWN,2,0,0,36,-1.0,MOVE,0
1,14,2,0,0,36,UP,RIGHT,2,1,0,35,-1.0,MOVE,0
1,15,2,1,0,35,LEFT,DOWN,3,1,0,34,-1.0,MOVE,0
1,16,3,1,0,34,RIGHT,RIGHT,3,2,0,33,-1.0,MOVE,0
1,17,3,2,0,33,DOWN,RIGHT,3,3,0,32,-1.0,MOVE,0
1,18,3,3,0,32,LEFT,LEFT,3,2,0,31,-1.0,MOVE,0
1,19,3,2,0,31,UP,UP,2,2,0,30,-1.0,MOVE,0
1,20,2,2,0,30,DOWN,DOWN,3,2,0,29,-1.0,MOVE,0
1,21,3,2,0,29,RIGHT,RIGHT,3,3,0,28,-1.0,MOVE,0
1,22,3,3,0,28,DOWN,DOWN,4,3,0,27,-1.0,MOVE,0
1,23,4,3,0,27,LEFT,LEFT,4,2,0,26,-1.0,MOVE,0
1,24,4,2,0,26,RIGHT,UP,3,2,0,25,-1.0,MOVE,0
1,25,3,2,0,25,UP,UP,2,2,0,24,-1.0,MOVE,0
1,26,2,2,0,24,DOWN,RIGHT,2,3,0,23,-1.0,MOVE,0
1,27,2,3,0,23,UP,UP,1,3,0,22,-1.0,MOVE,0
1,28,1,3,0,22,DOWN,DOWN,2,3,0,21,-1.0,MOVE,0
1,29,2,3,0,21,DOWN,DOWN,3,3,0,20,-1.0,MOVE,0
1,30,3,3,0,20,RIGHT,DOWN,4,3,0,19,-1.0,MOVE,0
1,31,4,3,0,19,RIGHT,DOWN,5,3,0,18,-1.0,MOVE,0
1,32,5,3,0,18,RIGHT,RIGHT,5,4,0,17,-1.0,MOVE,0
1,33,5,4,0,17,LEFT,LEFT,5,3,0,16,-1.0,MOVE,0
1,34,5,3,0,16,UP,UP,4,3,0,15,-1.0,MOVE,0
1,35,4,3,0,15,RIGHT,UP,3,3,0,14,-1.0,MOVE,0
1,36,3,3,0,14,UP,UP,2,3,0,13,-1.0,MOVE,0
1,37,2,3,0,13,LEFT,LEFT,2,2,0,12,-1.0,MOVE,0
1,38,2,2,0,12,DOWN,DOWN,3,2,0,11,-1.0,MOVE,0
1,39,3,2,0,11,UP,UP,2,2,0,10,-1.0,MOVE,0
1,40,2,2,0,10,RIGHT,UP,2,2,0,9,-5.0,WALL_HIT,0
1,41,2,2,0,9,RIGHT,RIGHT,2,3,0,8,-1.0,MOVE,0
1,42,2,3,0,8,UP,UP,1,3,0,7,-1.0,MOVE,0
1,43,1,3,0,7,UP,UP,0,3,0,6,-1.0,MOVE,0
1,44,0,3,0,6,RIGHT,RIGHT,0,3,0,5,-5.0,WALL_HIT,0
1,45,0,3,0,5,RIGHT,RIGHT,0,3,0,4,-5.0,WALL_HIT,0
1,46,0,3,0,4,UP,UP,0,3,0,3,-5.0,WALL_HIT,0
1,47,0,3,0,3,UP,UP,0,3,0,2,-5.0,WALL_HIT,0
1,48,0,3,0,2,RIGHT,RIGHT,0,3,0,1,-5.0,WALL_HIT,0
1,49,0,3,0,1,UP,UP,0,3,0,0,-25.0,ENERGY_DEPLETED,1
2,0,0,0,0,50,UP,RIGHT,0,1,0,49,-1.0,MOVE,0
2,1,0,1,0,49,DOWN,DOWN,1,1,0,48,-1.0,MOVE,0
2,2,1,1,0,48,UP,UP,0,1,0,47,-1.0,MOVE,0
2,3,0,1,0,47,RIGHT,RIGHT,0,2,0,46,-1.0,MOVE,0
2,4,0,2,0,46,RIGHT,UP,0,2,0,45,-5.0,WALL_HIT,0
2,5,0,2,0,45,UP,UP,0,2,0,44,-5.0,WALL_HIT,0
2,6,0,2,0,44,LEFT,LEFT,0,1,0,43,-1.0,MOVE,0
2,7,0,1,0,43,RIGHT,RIGHT,0,2,0,42,-1.0,MOVE,0
2,8,0,2,0,42,RIGHT,RIGHT,0,3,0,41,-1.0,MOVE,0
2,9,0,3,0,41,DOWN,RIGHT,0,3,0,40,-5.0,WALL_HIT,0
2,10,0,3,0,40,LEFT,LEFT,0,2,0,39,-1.0,MOVE,0
2,11,0,2,0,39,RIGHT,DOWN,0,2,0,38,-5.0,WALL_HIT,0
2,12,0,2,0,38,DOWN,DOWN,0,2,0,37,-5.0,WALL_HIT,0
2,13,0,2,0,37,UP,RIGHT,0,3,0,36,-1.0,MOVE,0
2,14,0,3,0,36,UP,UP,0,3,0,35,-5.0,WALL_HIT,0
2,15,0,3,0,35,UP,UP,0,3,0,34,-5.0,WALL_HIT,0
2,16,0,3,0,34,UP,LEFT,0,2,0,33,-1.0,MOVE,0
2,17,0,2,0,33,DOWN,LEFT,0,1,0,32,-1.0,MOVE,0
2,18,0,1,0,32,UP,UP,0,1,0,31,-5.0,WALL_HIT,0
2,19,0,1,0,31,LEFT,DOWN,1,1,0,30,-1.0,MOVE,0
2,20,1,1,0,30,DOWN,RIGHT,1,1,0,29,-5.0,WALL_HIT,0
2,21,1,1,0,29,LEFT,LEFT,1,0,0,28,-1.0,MOVE,0
2,22,1,0,0,28,UP,UP,0,0,0,27,-1.0,MOVE,0
2,23,0,0,0,27,RIGHT,RIGHT,0,1,0,26,-1.0,MOVE,0
2,24,0,1,0,26,LEFT,DOWN,1,1,0,25,-1.0,MOVE,0
2,25,1,1,0,25,LEFT,LEFT,1,0,0,24,-1.0,MOVE,0
2,26,1,0,0,24,DOWN,DOWN,2,0,0,23,-1.0,MOVE,0
2,27,2,0,0,23,LEFT,LEFT,2,0,0,22,-5.0,WALL_HIT,0
2,28,2,0,0,22,UP,UP,1,0,0,21,-1.0,MOVE,0
2,29,1,0,0,21,LEFT,LEFT,1,0,0,20,-5.0,WALL_HIT,0
2,30,1,0,0,20,RIGHT,DOWN,2,0,0,19,-1.0,MOVE,0
2,31,2,0,0,19,LEFT,LEFT,2,0,0,18,-5.0,WALL_HIT,0
2,32,2,0,0,18,UP,UP,1,0,0,17,-1.0,MOVE,0
2,33,1,0,0,17,RIGHT,RIGHT,1,1,0,16,-1.0,MOVE,0
2,34,1,1,0,16,LEFT,LEFT,1,0,0,15,-1.0,MOVE,0
2,35,1,0,0,15,LEFT,LEFT,1,0,0,14,-5.0,WALL_HIT,0
2,36,1,0,0,14,RIGHT,UP,0,0,0,13,-1.0,MOVE,0
2,37,0,0,0,13,UP,UP,0,0,0,12,-5.0,WALL_HIT,0
2,38,0,0,0,12,RIGHT,RIGHT,0,1,0,11,-1.0,MOVE,0
2,39,0,1,0,11,RIGHT,RIGHT,0,2,0,10,-1.0,MOVE,0
2,40,0,2,0,10,DOWN,DOWN,0,2,0,9,-5.0,WALL_HIT,0
2,41,0,2,0,9,UP,UP,0,2,0,8,-5.0,WALL_HIT,0
2,42,0,2,0,8,DOWN,DOWN,0,2,0,7,-5.0,WALL_HIT,0
2,43,0,2,0,7,UP,UP,0,2,0,6,-5.0,WALL_HIT,0
2,44,0,2,0,6,LEFT,LEFT,0,1,0,5,-1.0,MOVE,0
2,45,0,1,0,5,DOWN,LEFT,0,0,0,4,-1.0,MOVE,0
2,46,0,0,0,4,UP,UP,0,0,0,3,-5.0,WALL_HIT,0
2,47,0,0,0,3,RIGHT,DOWN,1,0,0,2,-1.0,MOVE,0
2,48,1,0,0,2,RIGHT,RIGHT,1,1,0,1,-1.0,MOVE,0
2,49,1,1,0,1,LEFT,DOWN,2,1,0,0,-21.0,ENERGY_DEPLETED,1
3,0,0,0,0,50,RIGHT,RIGHT,0,1,0,49,-1.0,MOVE,0
3,1,0,1,0,49,LEFT,LEFT,0,0,0,48,-1.0,MOVE,0
3,2,0,0,0,48,UP,UP,0,0,0,47,-5.0,WALL_HIT,0
3,3,0,0,0,47,UP,UP,0,0,0,46,-5.0,WALL_HIT,0
3,4,0,0,0,46,DOWN,DOWN,1,0,0,45,-1.0,MOVE,0
3,5,1,0,0,45,UP,UP,0,0,0,44,-1.0,MOVE,0
3,6,0,0,0,44,LEFT,LEFT,0,0,0,43,-5.0,WALL_HIT,0
3,7,0,0,0,43,DOWN,LEFT,0,0,0,42,-5.0,WALL_HIT,0
3,8,0,0,0,42,UP,UP,0,0,0,41,-5.0,WALL_HIT,0
3,9,0,0,0,41,RIGHT,RIGHT,0,1,0,40,-1.0,MOVE,0
3,10,0,1,0,40,RIGHT,RIGHT,0,2,0,39,-1.0,MOVE,0
3,11,0,2,0,39,DOWN,DOWN,0,2,0,38,-5.0,WALL_HIT,0
3,12,0,2,0,38,LEFT,LEFT,0,1,0,37,-1.0,MOVE,0
3,13,0,1,0,37,LEFT,LEFT,0,0,0,36,-1.0,MOVE,0
3,14,0,0,0,36,RIGHT,RIGHT,0,1,0,35,-1.0,MOVE,0
3,15,0,1,0,35,DOWN,DOWN,1,1,0,34,-1.0,MOVE,0
3,16,1,1,0,34,UP,LEFT,1,0,0,33,-1.0,MOVE,0
3,17,1,0,0,33,UP,UP,0,0,0,32,-1.0,MOVE,0
3,18,0,0,0,32,RIGHT,RIGHT,0,1,0,31,-1.0,MOVE,0
3,19,0,1,0,31,UP,UP,0,1,0,30,-5.0,WALL_HIT,0
3,20,0,1,0,30,DOWN,DOWN,1,1,0,29,-1.0,MOVE,0
3,21,1,1,0,29,RIGHT,RIGHT,1,1,0,28,-5.0,WALL_HIT,0
3,22,1,1,0,28,DOWN,DOWN,2,1,0,27,-1.0,MOVE,0
3,23,2,1,0,27,DOWN,DOWN,3,1,0,26,-1.0,MOVE,0
3,24,3,1,0,26,LEFT,LEFT,3,1,0,25,-5.0,WALL_HIT,0
3,25,3,1,0,25,UP,UP,2,1,0,24,-1.0,MOVE,0
3,26,2,1,0,24,LEFT,LEFT,2,0,0,23,-1.0,MOVE,0
3,27,2,0,0,23,DOWN,DOWN,2,0,0,22,-5.0,WALL_HIT,0
3,28,2,0,0,22,UP,RIGHT,2,1,0,21,-1.0,MOVE,0
3,29,2,1,0,21,LEFT,LEFT,2,0,0,20,-1.0,MOVE,0
3,30,2,0,0,20,DOWN,DOWN,2,0,0,19,-5.0,WALL_HIT,0
3,31,2,0,0,19,DOWN,DOWN,2,0,0,18,-5.0,WALL_HIT,0
3,32,2,0,0,18,RIGHT,RIGHT,2,1,0,17,-1.0,MOVE,0
3,33,2,1,0,17,UP,RIGHT,2,2,0,16,-1.0,MOVE,0
3,34,2,2,0,16,LEFT,DOWN,3,2,0,15,-1.0,MOVE,0
3,35,3,2,0,15,UP,UP,2,2,0,14,-1.0,MOVE,0
3,36,2,2,0,14,RIGHT,RIGHT,2,3,0,13,-1.0,MOVE,0
3,37,2,3,0,13,RIGHT,RIGHT,2,3,0,12,-5.0,WALL_HIT,0
3,38,2,3,0,12,DOWN,DOWN,3,3,0,11,-1.0,MOVE,0
3,39,3,3,0,11,DOWN,DOWN,4,3,0,10,-1.0,MOVE,0
3,40,4,3,0,10,UP,UP,3,3,0,9,-1.0,MOVE,0
3,41,3,3,0,9,LEFT,LEFT,3,2,0,8,-1.0,MOVE,0
3,42,3,2,0,8,RIGHT,RIGHT,3,3,0,7,-1.0,MOVE,0
3,43,3,3,0,7,DOWN,DOWN,4,3,0,6,-1.0,MOVE,0
3,44,4,3,0,6,UP,UP,3,3,0,5,-1.0,MOVE,0
3,45,3,3,0,5,LEFT,LEFT,3,2,0,4,-1.0,MOVE,0
3,46,3,2,0,4,DOWN,DOWN,4,2,0,3,-1.0,MOVE,0
3,47,4,2,0,3,DOWN,RIGHT,4,3,0,2,-1.0,MOVE,0
3,48,4,3,0,2,LEFT,LEFT,4,2,0,1,-1.0,MOVE,0
3,49,4,2,0,1,DOWN,DOWN,5,2,0,0,-21.0,ENERGY_DEPLETED,1
4,0,0,0,0,50,RIGHT,RIGHT,0,1,0,49,-1.0,MOVE,0
4,1,0,1,0,49,RIGHT,DOWN,1,1,0,48,-1.0,MOVE,0
4,2,1,1,0,48,DOWN,DOWN,2,1,0,47,-1.0,MOVE,0
4,3,2,1,0,47,UP,UP,1,1,0,46,-1.0,MOVE,0
4,4,1,1,0,46,DOWN,DOWN,2,1,0,45,-1.0,MOVE,0
4,5,2,1,0,45,DOWN,DOWN,3,1,0,44,-1.0,MOVE,0
4,6,3,1,0,44,RIGHT,RIGHT,3,2,0,43,-1.0,MOVE,0
4,7,3,2,0,43,DOWN,DOWN,4,2,0,42,-1.0,MOVE,0
4,8,4,2,0,42,UP,UP,3,2,0,41,-1.0,MOVE,0
4,9,3,2,0,41,RIGHT,RIGHT,3,3,0,40,-1.0,MOVE,0
4,10,3,3,0,40,RIGHT,RIGHT,3,3,0,39,-5.0,WALL_HIT,0
4,11,3,3,0,39,DOWN,LEFT,3,2,0,38,-1.0,MOVE,0
4,12,3,2,0,38,UP,UP,2,2,0,37,-1.0,MOVE,0
4,13,2,2,0,37,RIGHT,RIGHT,2,3,0,36,-1.0,MOVE,0
4,14,2,3,0,36,LEFT,LEFT,2,2,0,35,-1.0,MOVE,0
4,15,2,2,0,35,LEFT,LEFT,2,1,0,34,-1.0,MOVE,0
4,16,2,1,0,34,DOWN,LEFT,2,0,0,33,-1.0,MOVE,0
4,17,2,0,0,33,RIGHT,RIGHT,2,1,0,32,-1.0,MOVE,0
4,18,2,1,0,32,UP,UP,1,1,0,31,-1.0,MOVE,0
4,19,1,1,0,31,UP,UP,0,1,0,30,-1.0,MOVE,0
4,20,0,1,0,30,UP,UP,0,1,0,29,-5.0,WALL_HIT,0
4,21,0,1,0,29,LEFT,LEFT,0,0,0,28,-1.0,MOVE,0
4,22,0,0,0,28,DOWN,DOWN,1,0,0,27,-1.0,MOVE,0
4,23,1,0,0,27,RIGHT,RIGHT,1,1,0,26,-1.0,MOVE,0
4,24,1,1,0,26,LEFT,LEFT,1,0,0,25,-1.0,MOVE,0
4,25,1,0,0,25,LEFT,DOWN,2,0,0,24,-1.0,MOVE,0
4,26,2,0,0,24,DOWN,DOWN,2,0,0,23,-5.0,WALL_HIT,0
4,27,2,0,0,23,UP,UP,1,0,0,22,-1.0,MOVE,0
4,28,1,0,0,22,DOWN,DOWN,2,0,0,21,-1.0,MOVE,0
4,29,2,0,0,21,DOWN,LEFT,2,0,0,20,-5.0,WALL_HIT,0
4,30,2,0,0,20,RIGHT,RIGHT,2,1,0,19,-1.0,MOVE,0
4,31,2,1,0,19,UP,UP,1,1,0,18,-1.0,MOVE,0
4,32,1,1,0,18,RIGHT,RIGHT,1,1,0,17,-5.0,WALL_HIT,0
4,33,1,1,0,17,DOWN,DOWN,2,1,0,16,-1.0,MOVE,0
4,34,2,1,0,16,DOWN,DOWN,3,1,0,15,-1.0,MOVE,0
4,35,3,1,0,15,RIGHT,RIGHT,3,2,0,14,-1.0,MOVE,0
4,36,3,2,0,14,DOWN,DOWN,4,2,0,13,-1.0,MOVE,0
4,37,4,2,0,13,LEFT,LEFT,4,2,0,12,-5.0,WALL_HIT,0
4,38,4,2,0,12,RIGHT,RIGHT,4,3,0,11,-1.0,MOVE,0
4,39,4,3,0,11,LEFT,LEFT,4,2,0,10,-1.0,MOVE,0
4,40,4,2,0,10,LEFT,LEFT,4,2,0,9,-5.0,WALL_HIT,0
4,41,4,2,0,9,RIGHT,RIGHT,4,3,0,8,-1.0,MOVE,0
4,42,4,3,0,8,UP,UP,3,3,0,7,-1.0,MOVE,0
4,43,3,3,0,7,LEFT,LEFT,3,2,0,6,-1.0,MOVE,0
4,44,3,2,0,6,DOWN,DOWN,4,2,0,5,-1.0,MOVE,0
4,45,4,2,0,5,LEFT,DOWN,5,2,0,4,-1.0,MOVE,0
4,46,5,2,0,4,UP,UP,4,2,0,3,-1.0,MOVE,0
4,47,4,2,0,3,RIGHT,RIGHT,4,3,0,2,-1.0,MOVE,0
4,48,4,3,0,2,DOWN,DOWN,5,3,0,1,-1.0,MOVE,0
4,49,5,3,0,1,UP,UP,4,3,0,0,-21.0,ENERGY_DEPLETED,1
149995,0,0,0,0,50,LEFT,DOWN,1,0,0,49,-1.0,MOVE,0
149995,1,1,0,0,49,RIGHT,UP,0,0,0,48,-1.0,MOVE,0
149995,2,0,0,0,48,RIGHT,DOWN,1,0,0,47,-1.0,MOVE,0
149995,3,1,0,0,47,RIGHT,RIGHT,1,1,0,46,-1.0,MOVE,0
149995,4,1,1,0,46,DOWN,DOWN,2,1,0,45,-1.0,MOVE,0
149995,5,2,1,0,45,RIGHT,RIGHT,2,2,0,44,-1.0,MOVE,0
149995,6,2,2,0,44,RIGHT,RIGHT,2,3,0,43,-1.0,MOVE,0
149995,7,2,3,0,43,UP,LEFT,2,2,0,42,-1.0,MOVE,0
149995,8,2,2,0,42,RIGHT,RIGHT,2,3,0,41,-1.0,MOVE,0
149995,9,2,3,0,41,UP,LEFT,2,2,0,40,-1.0,MOVE,0
149995,10,2,2,0,40,RIGHT,UP,2,2,0,39,-5.0,WALL_HIT,0
149995,11,2,2,0,39,DOWN,RIGHT,2,3,0,38,-1.0,MOVE,0
149995,12,2,3,0,38,DOWN,DOWN,3,3,0,37,-1.0,MOVE,0
149995,13,3,3,0,37,UP,UP,2,3,0,36,-1.0,MOVE,0
149995,14,2,3,0,36,UP,UP,1,3,0,35,-1.0,MOVE,0
149995,15,1,3,0,35,RIGHT,RIGHT,1,4,0,34,-1.0,MOVE,0
149995,16,1,4,0,34,RIGHT,RIGHT,1,5,0,33,-1.0,MOVE,0
149995,17,1,5,0,33,RIGHT,DOWN,1,5,0,32,-5.0,WALL_HIT,0
149995,18,1,5,0,32,UP,UP,0,5,0,31,-1.0,MOVE,0
149995,19,0,5,0,31,RIGHT,RIGHT,0,6,0,30,-1.0,MOVE,0
149995,20,0,6,0,30,RIGHT,RIGHT,0,7,0,29,-1.0,MOVE,0
149995,21,0,7,0,29,RIGHT,RIGHT,0,8,0,28,-1.0,MOVE,0
149995,22,0,8,0,28,UP,UP,0,8,0,27,-5.0,WALL_HIT,0
149995,23,0,8,0,27,RIGHT,DOWN,1,8,0,26,-1.0,MOVE,0
149995,24,1,8,0,26,UP,UP,0,8,0,25,-1.0,MOVE,0
149995,25,0,8,0,25,RIGHT,RIGHT,0,9,0,24,-1.0,MOVE,0
149995,26,0,9,0,24,RIGHT,RIGHT,0,10,1,23,49.0,KEY_PICKUP,0
149995,27,0,10,1,23,RIGHT,RIGHT,0,11,1,22,-1.0,MOVE,0
149995,28,0,11,1,22,DOWN,DOWN,1,11,1,21,-1.0,MOVE,0
149995,29,1,11,1,21,DOWN,RIGHT,1,12,1,20,-1.0,MOVE,0
149995,30,1,12,1,20,DOWN,DOWN,2,12,1,19,-1.0,MOVE,0
149995,31,2,12,1,19,DOWN,DOWN,3,12,1,18,-1.0,MOVE,0
149995,32,3,12,1,18,RIGHT,RIGHT,3,13,1,17,-1.0,MOVE,0
149995,33,3,13,1,17,DOWN,DOWN,4,13,1,16,-1.0,MOVE,0
149995,34,4,13,1,16,DOWN,DOWN,5,13,1,15,-1.0,MOVE,0
149995,35,5,13,1,15,DOWN,DOWN,6,13,1,14,-1.0,MOVE,0
149995,36,6,13,1,14,DOWN,DOWN,7,13,1,13,-1.0,MOVE,0
149995,37,7,13,1,13,DOWN,DOWN,8,13,1,12,-1.0,MOVE,0
149995,38,8,13,1,12,DOWN,DOWN,9,13,1,11,-1.0,MOVE,0
149995,39,9,13,1,11,DOWN,DOWN,10,13,1,10,-1.0,MOVE,0
149995,40,10,13,1,10,DOWN,DOWN,11,13,1,9,-1.0,MOVE,0
149995,41,11,13,1,9,DOWN,LEFT,11,12,1,8,-1.0,MOVE,0
149995,42,11,12,1,8,RIGHT,RIGHT,11,13,1,7,-1.0,MOVE,0
149995,43,11,13,1,7,DOWN,DOWN,12,13,1,6,-1.0,MOVE,0
149995,44,12,13,1,6,RIGHT,DOWN,12,13,1,5,-5.0,WALL_HIT,0
149995,45,12,13,1,5,RIGHT,RIGHT,12,14,1,4,-1.0,MOVE,0
149995,46,12,14,1,4,DOWN,DOWN,13,14,1,3,-1.0,DOOR_PASS,0
149995,47,13,14,1,3,DOWN,DOWN,14,14,1,2,99.0,GOAL_REACHED,1
149996,0,0,0,0,50,RIGHT,RIGHT,0,1,0,49,-1.0,MOVE,0
149996,1,0,1,0,49,RIGHT,UP,0,1,0,48,-5.0,WALL_HIT,0
149996,2,0,1,0,48,RIGHT,RIGHT,0,2,0,47,-1.0,MOVE,0
149996,3,0,2,0,47,RIGHT,DOWN,0,2,0,46,-5.0,WALL_HIT,0
149996,4,0,2,0,46,RIGHT,DOWN,0,2,0,45,-5.0,WALL_HIT,0
149996,5,0,2,0,45,RIGHT,RIGHT,0,3,0,44,-1.0,MOVE,0
149996,6,0,3,0,44,DOWN,DOWN,1,3,0,43,-1.0,MOVE,0
149996,7,1,3,0,43,RIGHT,RIGHT,1,4,0,42,-1.0,MOVE,0
149996,8,1,4,0,42,RIGHT,RIGHT,1,5,0,41,-1.0,MOVE,0
149996,9,1,5,0,41,RIGHT,RIGHT,1,6,0,40,-1.0,MOVE,0
149996,10,1,6,0,40,RIGHT,RIGHT,1,7,0,39,-1.0,MOVE,0
149996,11,1,7,0,39,RIGHT,RIGHT,1,8,0,38,-1.0,MOVE,0
149996,12,1,8,0,38,RIGHT,RIGHT,1,9,0,37,-1.0,MOVE,0
149996,13,1,9,0,37,UP,UP,0,9,0,36,-1.0,MOVE,0
149996,14,0,9,0,36,RIGHT,RIGHT,0,10,1,35,49.0,KEY_PICKUP,0
149996,15,0,10,1,35,DOWN,DOWN,1,10,1,34,-1.0,MOVE,0
149996,16,1,10,1,34,UP,UP,0,10,1,33,-1.0,MOVE,0
149996,17,0,10,1,33,DOWN,DOWN,1,10,1,32,-1.0,MOVE,0
149996,18,1,10,1,32,DOWN,DOWN,2,10,1,31,-1.0,MOVE,0
149996,19,2,10,1,31,DOWN,DOWN,3,10,1,30,-1.0,MOVE,0
149996,20,3,10,1,30,DOWN,DOWN,4,10,1,29,-1.0,MOVE,0
149996,21,4,10,1,29,DOWN,DOWN,5,10,1,28,-1.0,MOVE,0
149996,22,5,10,1,28,RIGHT,RIGHT,5,11,1,27,-1.0,MOVE,0
149996,23,5,11,1,27,UP,UP,4,11,1,26,-1.0,MOVE,0
149996,24,4,11,1,26,RIGHT,RIGHT,4,12,1,25,-1.0,MOVE,0
149996,25,4,12,1,25,RIGHT,RIGHT,4,13,1,24,-1.0,MOVE,0
149996,26,4,13,1,24,DOWN,DOWN,5,13,1,23,-1.0,MOVE,0
149996,27,5,13,1,23,DOWN,DOWN,6,13,1,22,-1.0,MOVE,0
149996,28,6,13,1,22,DOWN,LEFT,6,12,1,21,-1.0,MOVE,0
149996,29,6,12,1,21,RIGHT,RIGHT,6,13,1,20,-1.0,MOVE,0
149996,30,6,13,1,20,DOWN,DOWN,7,13,1,19,-1.0,MOVE,0
149996,31,7,13,1,19,DOWN,DOWN,8,13,1,18,-1.0,MOVE,0
149996,32,8,13,1,18,DOWN,DOWN,9,13,1,17,-1.0,MOVE,0
149996,33,9,13,1,17,DOWN,DOWN,10,13,1,16,-1.0,MOVE,0
149996,34,10,13,1,16,DOWN,DOWN,11,13,1,15,-1.0,MOVE,0
149996,35,11,13,1,15,UP,LEFT,11,12,1,14,-1.0,MOVE,0
149996,36,11,12,1,14,RIGHT,UP,10,12,1,13,-1.0,MOVE,0
149996,37,10,12,1,13,DOWN,DOWN,11,12,1,12,-1.0,MOVE,0
149996,38,11,12,1,12,RIGHT,UP,10,12,1,11,-1.0,MOVE,0
149996,39,10,12,1,11,RIGHT,RIGHT,10,13,1,10,-1.0,MOVE,0
149996,40,10,13,1,10,DOWN,DOWN,11,13,1,9,-1.0,MOVE,0
149996,41,11,13,1,9,DOWN,DOWN,12,13,1,8,-1.0,MOVE,0
149996,42,12,13,1,8,RIGHT,RIGHT,12,14,1,7,-1.0,MOVE,0
149996,43,12,14,1,7,DOWN,DOWN,13,14,1,6,-1.0,DOOR_PASS,0
149996,44,13,14,1,6,DOWN,DOWN,14,14,1,5,99.0,GOAL_REACHED,1
149997,0,0,0,0,50,RIGHT,RIGHT,0,1,0,49,-1.0,MOVE,0
149997,1,0,1,0,49,RIGHT,RIGHT,0,2,0,48,-1.0,MOVE,0
149997,2,0,2,0,48,DOWN,DOWN,0,2,0,47,-5.0,WALL_HIT,0
149997,3,0,2,0,47,RIGHT,RIGHT,0,3,0,46,-1.0,MOVE,0
149997,4,0,3,0,46,DOWN,RIGHT,0,3,0,45,-5.0,WALL_HIT,0
149997,5,0,3,0,45,DOWN,DOWN,1,3,0,44,-1.0,MOVE,0
149997,6,1,3,0,44,RIGHT,RIGHT,1,4,0,43,-1.0,MOVE,0
149997,7,1,4,0,43,RIGHT,RIGHT,1,5,0,42,-1.0,MOVE,0
149997,8,1,5,0,42,RIGHT,RIGHT,1,6,0,41,-1.0,MOVE,0
149997,9,1,6,0,41,RIGHT,RIGHT,1,7,0,40,-1.0,MOVE,0
149997,10,1,7,0,40,RIGHT,RIGHT,1,8,0,39,-1.0,MOVE,0
149997,11,1,8,0,39,RIGHT,RIGHT,1,9,0,38,-1.0,MOVE,0
149997,12,1,9,0,38,UP,UP,0,9,0,37,-1.0,MOVE,0
149997,13,0,9,0,37,DOWN,DOWN,1,9,0,36,-1.0,MOVE,0
149997,14,1,9,0,36,RIGHT,RIGHT,1,10,0,35,-1.0,MOVE,0
149997,15,1,10,0,35,UP,UP,0,10,1,34,49.0,KEY_PICKUP,0
149997,16,0,10,1,34,DOWN,RIGHT,0,11,1,33,-1.0,MOVE,0
149997,17,0,11,1,33,DOWN,RIGHT,0,12,1,32,-1.0,MOVE,0
149997,18,0,12,1,32,LEFT,LEFT,0,11,1,31,-1.0,MOVE,0
149997,19,0,11,1,31,DOWN,RIGHT,0,12,1,30,-1.0,MOVE,0
149997,20,0,12,1,30,DOWN,DOWN,1,12,1,29,-1.0,MOVE,0
149997,21,1,12,1,29,DOWN,DOWN,2,12,1,28,-1.0,MOVE,0
149997,22,2,12,1,28,RIGHT,DOWN,3,12,1,27,-1.0,MOVE,0
149997,23,3,12,1,27,DOWN,DOWN,4,12,1,26,-1.0,MOVE,0
149997,24,4,12,1,26,LEFT,LEFT,4,11,1,25,-1.0,MOVE,0
149997,25,4,11,1,25,UP,UP,4,11,1,24,-5.0,WALL_HIT,0
149997,26,4,11,1,24,RIGHT,RIGHT,4,12,1,23,-1.0,MOVE,0
149997,27,4,12,1,23,DOWN,LEFT,4,11,1,22,-1.0,MOVE,0
149997,28,4,11,1,22,RIGHT,RIGHT,4,12,1,21,-1.0,MOVE,0
149997,29,4,12,1,21,DOWN,DOWN,5,12,1,20,-1.0,MOVE,0
149997,30,5,12,1,20,RIGHT,RIGHT,5,13,1,19,-1.0,MOVE,0
149997,31,5,13,1,19,DOWN,RIGHT,5,14,1,18,-1.0,MOVE,0
149997,32,5,14,1,18,DOWN,RIGHT,5,15,1,17,-1.0,MOVE,0
149997,33,5,15,1,17,DOWN,DOWN,6,15,1,16,-1.0,MOVE,0
149997,34,6,15,1,16,LEFT,LEFT,6,14,1,15,-1.0,MOVE,0
149997,35,6,14,1,15,LEFT,LEFT,6,13,1,14,-1.0,MOVE,0
149997,36,6,13,1,14,DOWN,DOWN,7,13,1,13,-1.0,MOVE,0
149997,37,7,13,1,13,LEFT,LEFT,7,13,1,12,-5.0,WALL_HIT,0
149997,38,7,13,1,12,DOWN,DOWN,8,13,1,11,-1.0,MOVE,0
149997,39,8,13,1,11,DOWN,DOWN,9,13,1,10,-1.0,MOVE,0
149997,40,9,13,1,10,DOWN,DOWN,10,13,1,9,-1.0,MOVE,0
149997,41,10,13,1,9,DOWN,DOWN,11,13,1,8,-1.0,MOVE,0
149997,42,11,13,1,8,DOWN,DOWN,12,13,1,7,-1.0,MOVE,0
149997,43,12,13,1,7,UP,UP,11,13,1,6,-1.0,MOVE,0
149997,44,11,13,1,6,RIGHT,RIGHT,11,13,1,5,-5.0,WALL_HIT,0
149997,45,11,13,1,5,DOWN,DOWN,12,13,1,4,-1.0,MOVE,0
149997,46,12,13,1,4,RIGHT,RIGHT,12,14,1,3,-1.0,MOVE,0
149997,47,12,14,1,3,DOWN,DOWN,13,14,1,2,-1.0,DOOR_PASS,0
149997,48,13,14,1,2,DOWN,DOWN,14,14,1,1,99.0,GOAL_REACHED,1
149998,0,0,0,0,50,RIGHT,RIGHT,0,1,0,49,-1.0,MOVE,0
149998,1,0,1,0,49,RIGHT,DOWN,1,1,0,48,-1.0,MOVE,0
149998,2,1,1,0,48,UP,UP,0,1,0,47,-1.0,MOVE,0
149998,3,0,1,0,47,RIGHT,DOWN,1,1,0,46,-1.0,MOVE,0
149998,4,1,1,0,46,DOWN,DOWN,2,1,0,45,-1.0,MOVE,0
149998,5,2,1,0,45,RIGHT,RIGHT,2,2,0,44,-1.0,MOVE,0
149998,6,2,2,0,44,RIGHT,RIGHT,2,3,0,43,-1.0,MOVE,0
149998,7,2,3,0,43,UP,UP,1,3,0,42,-1.0,MOVE,0
149998,8,1,3,0,42,RIGHT,UP,0,3,0,41,-1.0,MOVE,0
149998,9,0,3,0,41,DOWN,LEFT,0,2,0,40,-1.0,MOVE,0
149998,10,0,2,0,40,RIGHT,RIGHT,0,3,0,39,-1.0,MOVE,0
149998,11,0,3,0,39,DOWN,DOWN,1,3,0,38,-1.0,MOVE,0
149998,12,1,3,0,38,RIGHT,RIGHT,1,4,0,37,-1.0,MOVE,0
149998,13,1,4,0,37,RIGHT,RIGHT,1,5,0,36,-1.0,MOVE,0
149998,14,1,5,0,36,DOWN,RIGHT,1,6,0,35,-1.0,MOVE,0
149998,15,1,6,0,35,RIGHT,RIGHT,1,7,0,34,-1.0,MOVE,0
149998,16,1,7,0,34,RIGHT,RIGHT,1,8,0,33,-1.0,MOVE,0
149998,17,1,8,0,33,RIGHT,RIGHT,1,9,0,32,-1.0,MOVE,0
149998,18,1,9,0,32,RIGHT,DOWN,2,9,0,31,-1.0,MOVE,0
149998,19,2,9,0,31,RIGHT,RIGHT,2,10,0,30,-1.0,MOVE,0
149998,20,2,10,0,30,UP,UP,1,10,0,29,-1.0,MOVE,0
149998,21,1,10,0,29,UP,UP,0,10,1,28,49.0,KEY_PICKUP,0
149998,22,0,10,1,28,DOWN,DOWN,1,10,1,27,-1.0,MOVE,0
149998,23,1,10,1,27,DOWN,DOWN,2,10,1,26,-1.0,MOVE,0
149998,24,2,10,1,26,DOWN,DOWN,3,10,1,25,-1.0,MOVE,0
149998,25,3,10,1,25,DOWN,DOWN,4,10,1,24,-1.0,MOVE,0
149998,26,4,10,1,24,RIGHT,RIGHT,4,11,1,23,-1.0,MOVE,0
149998,27,4,11,1,23,RIGHT,RIGHT,4,12,1,22,-1.0,MOVE,0
149998,28,4,12,1,22,DOWN,LEFT,4,11,1,21,-1.0,MOVE,0
149998,29,4,11,1,21,RIGHT,RIGHT,4,12,1,20,-1.0,MOVE,0
149998,30,4,12,1,20,RIGHT,DOWN,5,12,1,19,-1.0,MOVE,0
149998,31,5,12,1,19,RIGHT,RIGHT,5,13,1,18,-1.0,MOVE,0
149998,32,5,13,1,18,DOWN,DOWN,6,13,1,17,-1.0,MOVE,0
149998,33,6,13,1,17,DOWN,LEFT,6,12,1,16,-1.0,MOVE,0
149998,34,6,12,1,16,RIGHT,RIGHT,6,13,1,15,-1.0,MOVE,0
149998,35,6,13,1,15,DOWN,RIGHT,6,14,1,14,-1.0,MOVE,0
149998,36,6,14,1,14,DOWN,DOWN,7,14,1,13,-1.0,MOVE,0
149998,37,7,14,1,13,DOWN,DOWN,8,14,1,12,-10.0,PENALTY_CELL,0
149998,38,8,14,1,12,DOWN,DOWN,9,14,1,11,-1.0,MOVE,0
149998,39,9,14,1,11,LEFT,DOWN,9,14,1,10,-5.0,WALL_HIT,0
149998,40,9,14,1,10,LEFT,LEFT,9,13,1,9,-1.0,MOVE,0
149998,41,9,13,1,9,DOWN,DOWN,10,13,1,8,-1.0,MOVE,0
149998,42,10,13,1,8,DOWN,DOWN,11,13,1,7,-1.0,MOVE,0
149998,43,11,13,1,7,DOWN,DOWN,12,13,1,6,-1.0,MOVE,0
149998,44,12,13,1,6,RIGHT,RIGHT,12,14,1,5,-1.0,MOVE,0
149998,45,12,14,1,5,DOWN,DOWN,13,14,1,4,-1.0,DOOR_PASS,0
149998,46,13,14,1,4,LEFT,UP,12,14,1,3,-1.0,MOVE,0
149998,47,12,14,1,3,DOWN,DOWN,13,14,1,2,-1.0,DOOR_PASS,0
149998,48,13,14,1,2,DOWN,LEFT,13,14,1,1,-5.0,WALL_HIT,0
149998,49,13,14,1,1,DOWN,DOWN,14,14,1,0,99.0,GOAL_REACHED,1
149999,0,0,0,0,50,RIGHT,RIGHT,0,1,0,49,-1.0,MOVE,0
149999,1,0,1,0,49,DOWN,DOWN,1,1,0,48,-1.0,MOVE,0
149999,2,1,1,0,48,UP,UP,0,1,0,47,-1.0,MOVE,0
149999,3,0,1,0,47,RIGHT,RIGHT,0,2,0,46,-1.0,MOVE,0
149999,4,0,2,0,46,RIGHT,RIGHT,0,3,0,45,-1.0,MOVE,0
149999,5,0,3,0,45,DOWN,DOWN,1,3,0,44,-1.0,MOVE,0
149999,6,1,3,0,44,UP,UP,0,3,0,43,-1.0,MOVE,0
149999,7,0,3,0,43,DOWN,DOWN,1,3,0,42,-1.0,MOVE,0
149999,8,1,3,0,42,RIGHT,RIGHT,1,4,0,41,-1.0,MOVE,0
149999,9,1,4,0,41,RIGHT,RIGHT,1,5,0,40,-1.0,MOVE,0
149999,10,1,5,0,40,RIGHT,RIGHT,1,6,0,39,-1.0,MOVE,0
149999,11,1,6,0,39,RIGHT,RIGHT,1,7,0,38,-1.0,MOVE,0
149999,12,1,7,0,38,RIGHT,RIGHT,1,8,0,37,-1.0,MOVE,0
149999,13,1,8,0,37,RIGHT,UP,0,8,0,36,-1.0,MOVE,0
149999,14,0,8,0,36,RIGHT,UP,0,8,0,35,-5.0,WALL_HIT,0
149999,15,0,8,0,35,RIGHT,DOWN,1,8,0,34,-1.0,MOVE,0
149999,16,1,8,0,34,RIGHT,RIGHT,1,9,0,33,-1.0,MOVE,0
149999,17,1,9,0,33,UP,RIGHT,1,10,0,32,-1.0,MOVE,0
149999,18,1,10,0,32,LEFT,UP,0,10,1,31,49.0,KEY_PICKUP,0
149999,19,0,10,1,31,DOWN,DOWN,1,10,1,30,-1.0,MOVE,0
149999,20,1,10,1,30,RIGHT,RIGHT,1,11,1,29,-1.0,MOVE,0
149999,21,1,11,1,29,DOWN,DOWN,2,11,1,28,-1.0,MOVE,0
149999,22,2,11,1,28,RIGHT,RIGHT,2,12,1,27,-1.0,MOVE,0
149999,23,2,12,1,27,DOWN,DOWN,3,12,1,26,-1.0,MOVE,0
149999,24,3,12,1,26,DOWN,DOWN,4,12,1,25,-1.0,MOVE,0
149999,25,4,12,1,25,RIGHT,RIGHT,4,13,1,24,-1.0,MOVE,0
149999,26,4,13,1,24,DOWN,DOWN,5,13,1,23,-1.0,MOVE,0
149999,27,5,13,1,23,DOWN,DOWN,6,13,1,22,-1.0,MOVE,0
149999,28,6,13,1,22,DOWN,DOWN,7,13,1,21,-1.0,MOVE,0
149999,29,7,13,1,21,DOWN,DOWN,8,13,1,20,-1.0,MOVE,0
149999,30,8,13,1,20,DOWN,RIGHT,8,14,1,19,-10.0,PENALTY_CELL,0
149999,31,8,14,1,19,LEFT,UP,7,14,1,18,-1.0,MOVE,0
149999,32,7,14,1,18,LEFT,LEFT,7,13,1,17,-1.0,MOVE,0
149999,33,7,13,1,17,DOWN,DOWN,8,13,1,16,-1.0,MOVE,0
149999,34,8,13,1,16,DOWN,DOWN,9,13,1,15,-1.0,MOVE,0
149999,35,9,13,1,15,DOWN,DOWN,10,13,1,14,-1.0,MOVE,0
149999,36,10,13,1,14,DOWN,DOWN,11,13,1,13,-1.0,MOVE,0
149999,37,11,13,1,13,DOWN,DOWN,12,13,1,12,-1.0,MOVE,0
149999,38,12,13,1,12,RIGHT,RIGHT,12,14,1,11,-1.0,MOVE,0
149999,39,12,14,1,11,DOWN,DOWN,13,14,1,10,-1.0,DOOR_PASS,0
149999,40,13,14,1,10,DOWN,DOWN,14,14,1,9,99.0,GOAL_REACHED,1
